{"cameraMode":{"drawMode":0,"name":"Shaded","section":"Shading Mode"},"sceneLighting":false,"audioPlay":false,"sceneViewState":{"showFog":true,"showMaterialUpdate":false,"showSkybox":false,"showFlares":true,"showImageEffects":true,"showParticleSystems":true},"in2DMode":false,"pivot":{"x":-3.9347238540649416,"y":6.4232611656188969,"z":19.377519607543947},"rotation":{"x":-0.01195499487221241,"y":0.9231964349746704,"z":-0.38306108117103579,"w":-0.028812233358621599},"size":1.2816060781478882,"orthographic":false}