{"cameraMode":{"drawMode":0,"name":"Shaded","section":"Shading Mode"},"sceneLighting":false,"audioPlay":false,"sceneViewState":{"showFog":true,"showMaterialUpdate":false,"showSkybox":false,"showFlares":true,"showImageEffects":true,"showParticleSystems":true},"in2DMode":false,"pivot":{"x":-2.613046169281006,"y":6.402186393737793,"z":20.17700958251953},"rotation":{"x":-0.006308532319962978,"y":-0.9772898554801941,"z":0.21015554666519166,"w":-0.029879553243517877},"size":1.035860300064087,"orthographic":false}