{"cameraMode":{"drawMode":0,"name":"Shaded","section":"Shading Mode"},"sceneLighting":true,"audioPlay":false,"sceneViewState":{"showFog":true,"showMaterialUpdate":false,"showSkybox":false,"showFlares":true,"showImageEffects":true,"showParticleSystems":true},"in2DMode":false,"pivot":{"x":-29.733158111572267,"y":-34.85960388183594,"z":10.399383544921875},"rotation":{"x":0.18476594984531403,"y":0.18626517057418824,"z":-0.03568967804312706,"w":0.9643101692199707},"size":205.3230743408203,"orthographic":false}