{"cameraMode":{"drawMode":0,"name":"Shaded","section":"Shading Mode"},"sceneLighting":false,"audioPlay":false,"sceneViewState":{"showFog":true,"showMaterialUpdate":false,"showSkybox":false,"showFlares":true,"showImageEffects":true,"showParticleSystems":true},"in2DMode":false,"pivot":{"x":-22.68056869506836,"y":29.993810653686525,"z":-39.753700256347659},"rotation":{"x":-0.36990687251091006,"y":-0.5998480916023254,"z":0.36489027738571169,"w":-0.6086180210113525},"size":53.70171356201172,"orthographic":false}