{"cameraMode":{"drawMode":0,"name":"Shaded","section":"Shading Mode"},"sceneLighting":false,"audioPlay":false,"sceneViewState":{"showFog":true,"showMaterialUpdate":false,"showSkybox":false,"showFlares":true,"showImageEffects":true,"showParticleSystems":true},"in2DMode":false,"pivot":{"x":-4.331579208374023,"y":6.13573694229126,"z":22.793624877929689},"rotation":{"x":0.043130647391080859,"y":-0.9011492729187012,"z":0.09223737567663193,"w":0.42138275504112246},"size":1.296088695526123,"orthographic":false}