{"cameraMode":{"drawMode":0,"name":"Shaded","section":"Shading Mode"},"sceneLighting":false,"audioPlay":false,"sceneViewState":{"showFog":true,"showMaterialUpdate":false,"showSkybox":false,"showFlares":true,"showImageEffects":true,"showParticleSystems":true},"in2DMode":false,"pivot":{"x":3.9166903495788576,"y":1.4171336889266968,"z":2.67960524559021},"rotation":{"x":0.15443044900894166,"y":-0.8022350072860718,"z":0.23530541360378266,"w":0.5265077352523804},"size":1.3677468299865723,"orthographic":false}