{"cameraMode":{"drawMode":0,"name":"Shaded","section":"Shading Mode"},"sceneLighting":false,"audioPlay":false,"sceneViewState":{"showFog":true,"showMaterialUpdate":false,"showSkybox":false,"showFlares":true,"showImageEffects":true,"showParticleSystems":true},"in2DMode":false,"pivot":{"x":-313.4827880859375,"y":13.442283630371094,"z":87.74665832519531},"rotation":{"x":-0.4638710618019104,"y":-0.4993273615837097,"z":0.36566880345344546,"w":-0.6340306997299194},"size":22.712739944458009,"orthographic":false}