{"cameraMode":{"drawMode":0,"name":"Shaded","section":"Shading Mode"},"sceneLighting":false,"audioPlay":false,"sceneViewState":{"showFog":true,"showMaterialUpdate":false,"showSkybox":false,"showFlares":true,"showImageEffects":true,"showParticleSystems":true},"in2DMode":false,"pivot":{"x":-22.122291564941408,"y":29.782743453979493,"z":-68.57785034179688},"rotation":{"x":-0.4360443949699402,"y":-0.5418379306793213,"z":0.3930310308933258,"w":-0.6016815900802612},"size":73.91165924072266,"orthographic":false}