{"cameraMode":{"drawMode":0,"name":"Shaded","section":"Shading Mode"},"sceneLighting":true,"audioPlay":false,"sceneViewState":{"showFog":true,"showMaterialUpdate":false,"showSkybox":true,"showFlares":true,"showImageEffects":true,"showParticleSystems":true},"in2DMode":false,"pivot":{"x":-208.40650939941407,"y":24.497350692749025,"z":-7.456681728363037},"rotation":{"x":-0.05899899825453758,"y":-0.6263443231582642,"z":0.04213425889611244,"w":-0.7785211801528931},"size":3.597337245941162,"orthographic":false}