{"cameraMode":{"drawMode":0,"name":"Shaded","section":"Shading Mode"},"sceneLighting":true,"audioPlay":false,"sceneViewState":{"showFog":true,"showMaterialUpdate":false,"showSkybox":true,"showFlares":true,"showImageEffects":true,"showParticleSystems":true},"in2DMode":false,"pivot":{"x":-206.42213439941407,"y":25.32014274597168,"z":-0.2685547173023224},"rotation":{"x":0.0765419453382492,"y":0.17393620312213899,"z":-0.016703858971595765,"w":0.9823303818702698},"size":1.4165799617767335,"orthographic":false}